,h_statistic,p_value
Non-Electoral,17.058201058201064,0.00019763265482340022
Pre-Campaign,7.89473684210526,0.019305438773144147
Campaign,5.422222222222217,0.06646291798667335
Intensive Campaign,3.428571428571427,0.18009231214795254
Final Sprint,2.0,0.36787944117144245
Post-Election,1.8666666666666671,0.393240720868598
