,h_statistic,p_value
2020,23.112612612612622,9.575466472723642e-06
2021,13.172672672672661,0.0013790832166587518
