,h_statistic,p_value
Q1,5.929824561403507,0.05156499229166995
Q2,5.929824561403507,0.05156499229166995
Q3,2.94736842105263,0.22907994981548763
Q4,2.8888888888888857,0.23587708298570037
